Unnamed: 0,SEC_TERM,SEC_NAME,SEC_SUBJ,CRS_NO,SEC_NO,SEC_LVL,SEC_TITLE,DA_ENR,SEC_CAP,CR_MAX,CR_MIN,ROOMS_ID1,course_title,instructor,syllabus
23,2007/FA,MAT-115-01,MAT,115,1,100,Intro to Statistics,30,32,,4,SCIE*2402,,,
24,2007/FA,MAT-115-02,MAT,115,2,100,Intro to Statistics,19,32,,4,SCIE*2402,,,
25,2007/FA,MAT-115-03,MAT,115,3,100,Intro to Statistics,18,32,,4,ARH*124,,,
26,2007/FA,MAT-209-01,MAT,209,1,200,Applied Statistics,28,32,,4,SCIE*2402,,,
27,2007/FA,MAT-335-01,MAT,335,1,300,Probability & Stat I,24,25,,4,SCIE*2402,,,
51,2008/FA,MAT-115-01,MAT,115,1,100,Introduction to Statistics,25,26,,4,SCIE*2402,,,
52,2008/FA,MAT-115-02,MAT,115,2,100,Introduction to Statistics,18,26,,4,SCIE*1302,,,
53,2008/FA,MAT-115-03,MAT,115,3,100,Introduction to Statistics,26,26,,4,SCIE*2402,,,
54,2008/FA,MAT-209-01,MAT,209,1,200,Applied Statistics,19,32,,4,SCIE*2402,,,
55,2008/FA,MAT-209-02,MAT,209,2,200,Applied Statistics,19,32,,4,SCIE*2402,,,
56,2008/FA,MAT-335-01,MAT,335,1,300,Probability & Statistics I,26,25,,4,SCIE*2402,,,
84,2008/SP,MAT-115-01,MAT,115,1,100,Intro to Statistics,27,27,,4,SCIE*2402,,,
85,2008/SP,MAT-115-02,MAT,115,2,100,Intro to Statistics,28,27,,4,ARH*124,,,
86,2008/SP,MAT-115-03,MAT,115,3,100,Intro to Statistics,36,35,,4,SCIE*3819,,,
87,2008/SP,MAT-209-01,MAT,209,1,200,Applied Statistics,20,32,,4,SCIE*2402,,,
88,2008/SP,MAT-209-02,MAT,209,2,200,Applied Statistics,34,32,,4,SCIE*2402,,,
89,2008/SP,MAT-310-01,MAT,310,1,300,Statistical Modeling,14,25,,4,SCIE*2402,,,
90,2008/SP,MAT-336-01,MAT,336,1,300,Probability & Stat II,18,25,,4,SCIE*2402,,,
116,2009/FA,MAT-115-01,MAT,115,1,100,Introduction to Statistics,25,26,,4,SCIE*2402,,,
117,2009/FA,MAT-115-02,MAT,115,2,100,Introduction to Statistics,24,26,,4,SCIE*2402,,,
118,2009/FA,MAT-115-03,MAT,115,3,100,Introduction to Statistics,24,26,,4,SCIE*1515,,,
119,2009/FA,MAT-209-01,MAT,209,1,200,Applied Statistics,32,32,,4,SCIE*2402,,,
120,2009/FA,MAT-209-02,MAT,209,2,200,Applied Statistics,32,32,,4,SCIE*2402,,,
121,2009/FA,MAT-335-01,MAT,335,1,300,Probability & Statistics I,31,25,,4,SCIE*2402,,,
150,2009/SP,MAT-115-01,MAT,115,1,100,Introduction to Statistics,31,26,,4,SCIE*2402,,,
151,2009/SP,MAT-115-02,MAT,115,2,100,Introduction to Statistics,23,26,,4,ARH*124,,,
152,2009/SP,MAT-115-03,MAT,115,3,100,Introduction to Statistics,31,30,,4,ARH*124,,,
153,2009/SP,MAT-209-01,MAT,209,1,200,Applied Statistics,32,32,,4,SCIE*2402,,,
154,2009/SP,MAT-209-02,MAT,209,2,200,Applied Statistics,32,32,,4,SCIE*2402,,,
155,2009/SP,MAT-336-01,MAT,336,1,300,Probability & Statistics II,23,25,,4,SCIE*2402,,,
180,2010/FA,MAT-115-01,MAT,115,1,100,Introduction to Statistics,29,28,,4,SCIE*2402,,,
181,2010/FA,MAT-115-02,MAT,115,2,100,Introduction to Statistics,26,28,,4,SCIE*2402,,,
182,2010/FA,MAT-209-01,MAT,209,1,200,Applied Statistics,24,26,,4,SCIE*2402,,,
183,2010/FA,MAT-209-02,MAT,209,2,200,Applied Statistics,26,26,,4,SCIE*3820,,,
184,2010/FA,MAT-209-03,MAT,209,3,200,Applied Statistics,17,26,,4,SCIE*2402,,,
185,2010/FA,MAT-335-01,MAT,335,1,300,Probability & Statistics I,27,25,,4,SCIE*2402,,,
210,2010/SP,MAT-115-01,MAT,115,1,100,Introduction to Statistics,27,26,,4,SCIE*2402,,,
211,2010/SP,MAT-115-02,MAT,115,2,100,Introduction to Statistics,28,26,,4,SCIE*2402,,,
212,2010/SP,MAT-115-03,MAT,115,3,100,Introduction to Statistics,25,26,,4,SCIE*2402,,,
213,2010/SP,MAT-209-01,MAT,209,1,200,Applied Statistics,12,26,,4,SCIE*2402,,,
214,2010/SP,MAT-209-02,MAT,209,2,200,Applied Statistics,27,26,,4,SCIE*2402,,,
215,2010/SP,MAT-209-03,MAT,209,3,200,Applied Statistics,12,26,,4,SCIE*2402,,,
216,2010/SP,MAT-310-01,MAT,310,1,300,Statistical Modeling,16,20,,4,SCIE*1530,,,
217,2010/SP,MAT-336-01,MAT,336,1,300,Probability & Statistics II,19,25,,4,SCIE*2402,,,
242,2011/FA,MAT-115-01,MAT,115,1,100,Introduction to Statistics,24,28,,4,SCIE*2402,,,
243,2011/FA,MAT-115-02,MAT,115,2,100,Introduction to Statistics,24,28,,4,SCIE*3820,,,
244,2011/FA,MAT-209-01,MAT,209,1,200,Applied Statistics,19,26,,4,SCIE*2402,,,
245,2011/FA,MAT-209-02,MAT,209,2,200,Applied Statistics,23,26,,4,SCIE*2402,,,
246,2011/FA,MAT-209-03,MAT,209,3,200,Applied Statistics,16,26,,4,SCIE*2402,,,
247,2011/FA,MAT-335-01,MAT,335,1,300,Probability & Statistics I,17,25,,4,SCIE*2402,,,
273,2011/SP,MAT-115-01,MAT,115,1,100,Introduction to Statistics,31,28,,4,SCIE*2402,,,
274,2011/SP,MAT-115-02,MAT,115,2,100,Introduction to Statistics,25,28,,4,SCIE*2402,,,
275,2011/SP,MAT-115-03,MAT,115,3,100,Introduction to Statistics,27,28,,4,ARH*120,,,
276,2011/SP,MAT-115-04,MAT,115,4,100,Introduction to Statistics,23,28,,4,SCIE*2401,,,
277,2011/SP,MAT-209-01,MAT,209,1,200,Applied Statistics,33,26,,4,SCIE*2402,,,
278,2011/SP,MAT-209-02,MAT,209,2,200,Applied Statistics,27,26,,4,SCIE*2402,,,
279,2011/SP,MAT-336-01,MAT,336,1,300,Probability & Statistics II,19,25,,4,SCIE*2402,,,
305,2012/FA,MAT-115-01,MAT,115,1,100,Introduction to Statistics,8,28,,4,SCIE*2402,,,
306,2012/FA,MAT-115-02,MAT,115,2,100,Introduction to Statistics,22,28,,4,SCIE*2402,,,
307,2012/FA,MAT-209-01,MAT,209,1,200,Applied Statistics,22,26,,4,SCIE*2402,,,
308,2012/FA,MAT-209-02,MAT,209,2,200,Applied Statistics,26,26,,4,SCIE*2402,,,
309,2012/FA,MAT-209-03,MAT,209,3,200,Applied Statistics,27,26,,4,SCIE*2402,,,
310,2012/FA,MAT-335-01,MAT,335,1,300,Probability & Statistics I,29,25,,4,SCIE*2402,,,
338,2012/SP,MAT-115-01,MAT,115,1,100,Introduction to Statistics,29,28,,4,SCIE*3820,,,
339,2012/SP,MAT-115-02,MAT,115,2,100,Introduction to Statistics,29,28,,4,ARH*124,,,
340,2012/SP,MAT-115-03,MAT,115,3,100,Introduction to Statistics,27,28,,4,SCIE*2402,,,
341,2012/SP,MAT-115-04,MAT,115,4,100,Introduction to Statistics,26,28,,4,SCIE*2402,,,
342,2012/SP,MAT-115-20,MAT,115,20,100,Introduction to Statistics,7,28,,4,,,,
343,2012/SP,MAT-209-01,MAT,209,1,200,Applied Statistics,27,26,,4,SCIE*2402,,,
344,2012/SP,MAT-209-02,MAT,209,2,200,Applied Statistics,26,26,,4,SCIE*1530,,,
345,2012/SP,MAT-209-03,MAT,209,3,200,Applied Statistics,25,26,,4,SCIE*2402,,,
346,2012/SP,MAT-310-01,MAT,310,1,300,Statistical Modeling,28,20,,4,SCIE*2401,,,
347,2012/SP,MAT-336-01,MAT,336,1,300,Probability & Statistics II,9,25,,4,SCIE*2402,,,
382,2013/FA,MAT-115-01,MAT,115,1,100,Introduction to Statistics,19,28,,4,SCIE*3820,,,
383,2013/FA,MAT-115-02,MAT,115,2,100,Introduction to Statistics,31,28,,4,SCIE*3820,,,
384,2013/FA,MAT-115-20,MAT,115,20,100,Introduction to Statistics,0,28,,4,,,,
385,2013/FA,MAT-209-01,MAT,209,1,200,Applied Statistics,25,26,,4,SCIE*2402,,,
386,2013/FA,MAT-209-02,MAT,209,2,200,Applied Statistics,33,26,,4,SCIE*2402,,,
387,2013/FA,MAT-209-03,MAT,209,3,200,Applied Statistics,26,26,,4,SCIE*2402,,,
388,2013/FA,MAT-295-01,MAT,295,1,200,ST: Statistical Modeling,12,13,,4,,,,
389,2013/FA,MAT-310-01,MAT,310,1,300,Statistical Modeling,19,20,,4,SCIE*3820,,,
390,2013/FA,MAT-335-01,MAT,335,1,300,Probability & Statistics I,22,25,,4,SCIE*2402,,,
413,2013/SP,MAT-115-01,MAT,115,1,100,Introduction to Statistics,26,28,,4,SCIE*3820,,,
414,2013/SP,MAT-115-02,MAT,115,2,100,Introduction to Statistics,0,28,,4,,,,
415,2013/SP,MAT-115-03,MAT,115,3,100,Introduction to Statistics,26,28,,4,ARH*124,,,
416,2013/SP,MAT-115-04,MAT,115,4,100,Introduction to Statistics,28,28,,4,SCIE*3820,,,
417,2013/SP,MAT-209-01,MAT,209,1,200,Applied Statistics,28,26,,4,SCIE*2401,,,
418,2013/SP,MAT-209-02,MAT,209,2,200,Applied Statistics,24,26,,4,SCIE*2401,,,
419,2013/SP,MAT-209-03,MAT,209,3,200,Applied Statistics,31,26,,4,SCIE*2402,,,
420,2013/SP,MAT-209-04,MAT,209,4,200,Applied Statistics,30,26,,4,SCIE*2402,,,
421,2013/SP,MAT-209-05,MAT,209,5,200,Applied Statistics,29,26,,4,SCIE*2402,,,
422,2013/SP,MAT-295-03,MAT,295,3,200,ST: Stat Analys Spatial Data,15,20,,4,SCIE*2402,,,
423,2013/SP,MAT-336-01,MAT,336,1,300,Probability & Statistics II,17,25,,4,SCIE*2402,,,
446,2014/FA,MAT-115-01,MAT,115,1,100,Introduction to Statistics,8,28,,4,SCIE*3820,,,
447,2014/FA,MAT-115-02,MAT,115,2,100,Introduction to Statistics,21,28,,4,SCIE*3820,,,
448,2014/FA,MAT-209-01,MAT,209,1,200,Applied Statistics,24,26,,4,SCIE*2402,,,
449,2014/FA,MAT-209-02,MAT,209,2,200,Applied Statistics,27,26,,4,SCIE*2402,,,
450,2014/FA,MAT-209-03,MAT,209,3,200,Applied Statistics,26,26,,4,SCIE*2402,,,
451,2014/FA,MAT-295-01,MAT,295,1,200,ST: Statistical Modeling,9,5,,4,,,,
452,2014/FA,MAT-310-01,MAT,310,1,300,Statistical Modeling,19,20,,4,SCIE*3820,,,
453,2014/FA,MAT-335-01,MAT,335,1,300,Probability & Statistics I,18,25,,4,SCIE*2402,,,
474,2014/SP,MAT-115-01,MAT,115,1,100,Introduction to Statistics,28,28,,4,SCIE*3820,,,
475,2014/SP,MAT-115-02,MAT,115,2,100,Introduction to Statistics,27,28,,4,SCIE*2402,,,
476,2014/SP,MAT-115-03,MAT,115,3,100,Introduction to Statistics,29,28,,4,SCIE*3820,,,
478,2014/SP,MAT-209-01,MAT,209,1,200,Applied Statistics,30,26,,4,SCIE*2402,,,
479,2014/SP,MAT-209-02,MAT,209,2,200,Applied Statistics,26,26,,4,SCIE*2401,,,
480,2014/SP,MAT-209-03,MAT,209,3,200,Applied Statistics,25,26,,4,SCIE*2401,,,
481,2014/SP,MAT-336-01,MAT,336,1,300,Probability & Statistics II,11,25,,4,SCIE*2402,,,
506,2015/FA,MAT-115-01,MAT,115,1,100,Introduction to Statistics,0,28,,4,,,,
507,2015/FA,MAT-115-02,MAT,115,2,100,Introduction to Statistics,23,28,,4,SCIE*3820,,,
508,2015/FA,MAT-115-20,MAT,115,20,100,Introduction to Statistics,8,16,,4,,,,
509,2015/FA,MAT-209-01,MAT,209,1,200,Applied Statistics,25,26,,4,SCIE*2402,,,
510,2015/FA,MAT-209-02,MAT,209,2,200,Applied Statistics,25,26,,4,SCIE*2402,,,
511,2015/FA,MAT-209-03,MAT,209,3,200,Applied Statistics,29,26,,4,SCIE*2402,,,
512,2015/FA,MAT-310-01,MAT,310,1,300,Statistical Modeling,19,20,,4,SCIE*3820,,,
513,2015/FA,MAT-310-02,MAT,310,2,300,Statistical Modeling,21,20,,4,SCIE*3820,,,
514,2015/FA,MAT-335-01,MAT,335,1,300,Probability & Statistics I,26,25,,4,SCIE*2402,,,
540,2015/SP,MAT-115-01,MAT,115,1,100,Introduction to Statistics,27,28,,4,SCIE*1530,,,
541,2015/SP,MAT-115-02,MAT,115,2,100,Introduction to Statistics,0,28,,4,,,,
542,2015/SP,MAT-115-03,MAT,115,3,100,Introduction to Statistics,26,28,,4,ARH*124,,,
543,2015/SP,MAT-209-01,MAT,209,1,200,Applied Statistics,26,26,,4,SCIE*2402,,,
544,2015/SP,MAT-209-02,MAT,209,2,200,Applied Statistics,27,26,,4,SCIE*3820,,,
545,2015/SP,MAT-209-03,MAT,209,3,200,Applied Statistics,27,26,,4,SCIE*3820,,,
546,2015/SP,MAT-209-04,MAT,209,4,200,Applied Statistics,24,26,,4,SCIE*2402,,,
547,2015/SP,MAT-209-05,MAT,209,5,200,Applied Statistics,25,26,,4,SCIE*2402,,,
548,2015/SP,MAT-336-01,MAT,336,1,300,Probability & Statistics II,13,25,,4,SCIE*2402,,,
568,2016/FA,MAT-115-01,MAT,115,1,100,Introduction to Statistics,22,28,,4,ARH*124,,,
569,2016/FA,MAT-115-02,MAT,115,2,100,Introduction to Statistics,21,25,,4,ARH*124,,,
570,2016/FA,MAT-209-01,MAT,209,1,200,Applied Statistics,29,26,,4,SCIE*2402,,,
571,2016/FA,MAT-209-02,MAT,209,2,200,Applied Statistics,28,26,,4,SCIE*2402,,,
572,2016/FA,MAT-209-03,MAT,209,3,200,Applied Statistics,30,26,,4,SCIE*3820,,,
573,2016/FA,MAT-310-01,MAT,310,1,300,Statistical Modeling,20,20,,4,SCIE*3820,,,
574,2016/FA,MAT-310-02,MAT,310,2,300,Statistical Modeling,16,20,,4,SCIE*2402,,,
575,2016/FA,MAT-335-01,MAT,335,1,300,Probability & Statistics I,17,25,,4,SCIE*2402,,,
576,2016/FA,MAT-335-02,MAT,335,2,300,Probability & Statistics I,13,25,,4,SCIE*2402,,,
600,2016/SP,MAT-115-01,MAT,115,1,100,Introduction to Statistics,28,28,,4,SCIE*3820,,,
601,2016/SP,MAT-115-02,MAT,115,2,100,Introduction to Statistics,26,28,,4,SCIE*2402,,,
602,2016/SP,MAT-115-03,MAT,115,3,100,Introduction to Statistics,27,28,,4,ARH*124,,,
603,2016/SP,MAT-209-01,MAT,209,1,200,Applied Statistics,27,26,,4,SCIE*2402,,,
604,2016/SP,MAT-209-02,MAT,209,2,200,Applied Statistics,27,26,,4,SCIE*3820,,,
605,2016/SP,MAT-209-03,MAT,209,3,200,Applied Statistics,28,26,,4,SCIE*2402,,,
606,2016/SP,MAT-209-04,MAT,209,4,200,Applied Statistics,29,26,,4,SCIE*2402,,,
607,2016/SP,MAT-209-05,MAT,209,5,200,Applied Statistics,29,26,,4,SCIE*2402,,,
608,2016/SP,MAT-336-01,MAT,336,1,300,Probability & Statistics II,17,25,,4,SCIE*3820,,,
627,2017/FA,MAT-115-01,MAT,115,1,100,Introduction to Statistics,22,28,,4,ARH*124,,,
628,2017/FA,MAT-115-02,MAT,115,2,100,Introduction to Statistics,9,28,,4,SCIE*1515,,,
629,2017/FA,MAT-209-01,MAT,209,1,200,Applied Statistics,26,26,,4,SCIE*2402,,,
630,2017/FA,MAT-209-02,MAT,209,2,200,Applied Statistics,26,26,,4,SCIE*2402,,,
631,2017/FA,MAT-209-03,MAT,209,3,200,Applied Statistics,26,26,,4,SCIE*2402,,,
632,2017/FA,MAT-310-01,MAT,310,1,300,Statistical Modeling,20,20,,4,SCIE*3820,,,
633,2017/FA,MAT-310-02,MAT,310,2,300,Statistical Modeling,15,20,,4,SCIE*2402,,,
634,2017/FA,MAT-335-01,MAT,335,1,300,Probability & Statistics I,26,25,,4,SCIE*3820,,,
654,2017/SP,MAT-115-01,MAT,115,1,100,Introduction to Statistics,27,28,,4,ARH*227,,,
655,2017/SP,MAT-115-02,MAT,115,2,100,Introduction to Statistics,28,28,,4,SCIE*1515,,,
656,2017/SP,MAT-209-01,MAT,209,1,200,Applied Statistics,28,26,,4,SCIE*2402,,,
657,2017/SP,MAT-209-02,MAT,209,2,200,Applied Statistics,27,26,,4,SCIE*2402,,,
658,2017/SP,MAT-209-03,MAT,209,3,200,Applied Statistics,25,26,,4,SCIE*3820,,,
659,2017/SP,MAT-209-04,MAT,209,4,200,Applied Statistics,27,26,,4,SCIE*2401,,,
660,2017/SP,MAT-209-05,MAT,209,5,200,Applied Statistics,26,26,,4,SCIE*3820,,,
661,2017/SP,MAT-209-06,MAT,209,6,200,Applied Statistics,0,26,,4,,,,
662,2017/SP,MAT-336-01,MAT,336,1,300,Probability & Statistics II,15,25,,4,SCIE*2402,,,
685,2018/FA,MAT-115-01,MAT,115,1,100,Introduction to Statistics,29,28,,4,ARH*124,,Xavier Escandell,
686,2018/FA,MAT-335-01,MAT,335,1,300,Probability & Statistics I,17,25,,4,SCIE*3820,,Pamela Fellers,
687,2018/FA,MAT-335-02,MAT,335,2,300,Probability & Statistics I,19,25,,4,SCIE*3820,,,
689,2018/FA,STA-209-01,STA,209,1,200,Applied Statistics,25,26,,4,SCIE*2402,,Chris Olsen,
690,2018/FA,STA-209-02,STA,209,2,200,Applied Statistics,27,26,,4,SCIE*2402,,Ryan Miller,
691,2018/FA,STA-209-03,STA,209,3,200,Applied Statistics,26,26,,4,SCIE*2402,,,
692,2018/FA,STA-209-04,STA,209,4,200,Applied Statistics,26,26,,4,SCIE*2402,,,
693,2018/FA,STA-295-01,STA,295,1,200,ST: Intro to Data Science,15,15,,4,SCIE*3820,,Jeff Jonkman,
694,2018/FA,STA-310-01,STA,310,1,300,Statistical Modeling,20,20,,4,SCIE*2402,,Jeff Jonkman,
695,2018/FA,STA-310-02,STA,310,2,300,Statistical Modeling,19,20,,4,SCIE*2402,,Jeff Jonkman,
718,2018/SP,MAT-115-01,MAT,115,1,100,Introduction to Statistics,28,28,,4,ARH*227,,Kathy Kamp,
719,2018/SP,MAT-115-02,MAT,115,2,100,Introduction to Statistics,27,28,,4,SCIE*3820,,Chris Olsen,
720,2018/SP,MAT-209-01,MAT,209,1,200,Applied Statistics,27,26,,4,SCIE*2402,,Chris Olsen,
721,2018/SP,MAT-209-02,MAT,209,2,200,Applied Statistics,25,26,,4,SCIE*2402,,Pamela Fellers,
722,2018/SP,MAT-209-03,MAT,209,3,200,Applied Statistics,27,26,,4,SCIE*3820,,,
723,2018/SP,MAT-209-04,MAT,209,4,200,Applied Statistics,28,26,,4,SCIE*3820,,Shonda Kuiper,
724,2018/SP,MAT-209-05,MAT,209,5,200,Applied Statistics,27,26,,4,SCIE*2402,,,
725,2018/SP,MAT-336-01,MAT,336,1,300,Probability & Statistics II,14,25,,4,SCIE*2402,,Pamela Fellers,
726,2018/SP,MAT-444-01,MAT,444,1,400,Bayesian Statistical Analysis,13,12,,4,SCIE*2402,,Jeff Jonkman,
748,2019/FA,MAT-115-01,MAT,115,1,100,Introduction to Statistics,26,28,,4,HSSC*S2310,,,
749,2019/FA,MAT-335-01,MAT,335,1,300,Probability & Statistics I,18,25,,4,SCIE*2402,,,
750,2019/FA,MAT-335-02,MAT,335,2,300,Probability & Statistics I,18,25,,4,SCIE*2402,,,
752,2019/FA,STA-209-01,STA,209,1,200,Applied Statistics,26,26,,4,SCIE*2402,,Chris Olsen,
753,2019/FA,STA-209-02,STA,209,2,200,Applied Statistics,26,26,,4,SCIE*2402,,Ryan Miller,
754,2019/FA,STA-209-03,STA,209,3,200,Applied Statistics,27,26,,4,SCIE*2402,,,
755,2019/FA,STA-209-04,STA,209,4,200,Applied Statistics,26,26,,4,SCIE*2402,,Jeff Jonkman,
756,2019/FA,STA-230-01,STA,230,1,200,Introduction to Data Science,19,18,,4,SCIE*2402,,Ryan Miller,
757,2019/FA,STA-310-01,STA,310,1,300,Statistical Modeling,18,20,,4,SCIE*2401,,Shonda Kuiper,
758,2019/FA,STA-310-02,STA,310,2,300,Statistical Modeling,19,20,,4,SCIE*2401,,,
784,2019/SP,MAT-115-01,MAT,115,1,100,Introduction to Statistics,29,28,,4,SCIE*3820,,,
785,2019/SP,MAT-115-02,MAT,115,2,100,Introduction to Statistics,29,28,,4,SCIE*3820,,,
786,2019/SP,MAT-115-03,MAT,115,3,100,Introduction to Statistics,0,28,,4,SCIE*2243,,,
787,2019/SP,MAT-336-01,MAT,336,1,300,Probability & Statistics II,22,25,,4,SCIE*2402,,,
791,2019/SP,STA-209-01,STA,209,1,200,Applied Statistics,28,26,,4,SCIE*3820,,Chris Olsen,
792,2019/SP,STA-209-02,STA,209,2,200,Applied Statistics,25,26,,4,SCIE*2402,,Ryan Miller,
793,2019/SP,STA-209-03,STA,209,3,200,Applied Statistics,27,26,,4,SCIE*3820,,,
794,2019/SP,STA-209-04,STA,209,4,200,Applied Statistics,27,26,,4,SCIE*2402,,Javier Flores,
795,2019/SP,STA-209-05,STA,209,5,200,Applied Statistics,0,26,,4,SCIE*3820,,,
796,2019/SP,STA-230-01,STA,230,1,200,Introduction to Data Science,19,18,,4,SCIE*2402,,Ryan Miller,
797,2019/SP,STA-230-02,STA,230,2,200,Introduction to Data Science,16,18,,4,SCIE*3820,,,
798,2019/SP,STA-309-01,STA,309,1,300,Design/Analysis of Experiments,19,20,,4,SCIE*2402,,Jeff Jonkman,
798,2019/SP,STA-309-01,STA,309,1,300,Design/Analysis of Experiments,19,20,,4,SCIE*2402,,Chris Olsen,
799,2019/SP,STA-309-02,STA,309,2,300,Design/Analysis of Experiments,16,20,,4,SCIE*2402,,,
809,2020/F1,MAT-115-01,MAT,115,1,100,Introduction to Statistics,31,28,,4,,,,
810,2020/F1,MAT-335-01,MAT,335,1,300,Probability & Statistics I,25,25,,4,,,,
812,2020/F1,STA-209-01,STA,209,1,200,Applied Statistics,25,26,,4,,,,
813,2020/F1,STA-230-01,STA,230,1,200,Introduction to Data Science,17,18,,4,,,,
814,2020/F1,STA-310-01,STA,310,1,300,Statistical Modeling,16,20,,4,,,,
824,2020/F2,MAT-335-02,MAT,335,2,300,Probability & Statistics I,25,25,,4,,,,
825,2020/F2,STA-209-02,STA,209,2,200,Applied Statistics,28,26,,4,,,,
826,2020/F2,STA-209-03,STA,209,3,200,Applied Statistics,34,26,,4,,,,
827,2020/F2,STA-209-04,STA,209,4,200,Applied Statistics,0,26,,4,,,,
828,2020/F2,STA-230-02,STA,230,2,200,Introduction to Data Science,8,18,,4,,,,
829,2020/F2,STA-310-02,STA,310,2,300,Statistical Modeling,19,20,,4,,,,
846,2020/FA,MAT-115-01,MAT,115,1,100,Introduction to Statistics,0,28,,4,SCIE*2401,,,
847,2020/FA,MAT-335-01,MAT,335,1,300,Probability & Statistics I,0,25,,4,SCIE*2402,,,
848,2020/FA,MAT-335-02,MAT,335,2,300,Probability & Statistics I,0,25,,4,SCIE*2402,,,
850,2020/FA,STA-209-01,STA,209,1,200,Applied Statistics,0,26,,4,SCIE*2402,,Pamela Fellers,
851,2020/FA,STA-209-02,STA,209,2,200,Applied Statistics,0,26,,4,SCIE*2402,,Chris Olsen,
852,2020/FA,STA-209-03,STA,209,3,200,Applied Statistics,0,26,,4,SCIE*2402,,Pamela Fellers,
853,2020/FA,STA-209-04,STA,209,4,200,Applied Statistics,0,26,,4,SCIE*2402,,,
854,2020/FA,STA-230-01,STA,230,1,200,Introduction to Data Science,0,18,,4,SCIE*2401,,Sean McMannamy,
855,2020/FA,STA-230-02,STA,230,2,200,Introduction to Data Science,0,18,,4,SCIE*2401,,Sean McMannamy,
856,2020/FA,STA-310-01,STA,310,1,300,Statistical Modeling,0,20,,4,SCIE*2401,,,
857,2020/FA,STA-310-02,STA,310,2,300,Statistical Modeling,0,20,,4,SCIE*2401,,Shonda Kuiper,
878,2020/SP,MAT-115-01,MAT,115,1,100,Introduction to Statistics,26,28,,4,HSSC*N2170,,,
879,2020/SP,MAT-115-02,MAT,115,2,100,Introduction to Statistics,0,28,,4,,,,
880,2020/SP,MAT-336-01,MAT,336,1,300,Probability & Statistics II,20,25,,4,SCIE*2402,,,
881,2020/SP,MAT-444-01,MAT,444,1,400,Simulation Mthds in Statistics,15,20,,4,SCIE*2402,,,
884,2020/SP,STA-209-01,STA,209,1,200,Applied Statistics,28,26,,4,SCIE*2402,,,
885,2020/SP,STA-209-02,STA,209,2,200,Applied Statistics,25,26,,4,SCIE*2402,,,
886,2020/SP,STA-209-03,STA,209,3,200,Applied Statistics,28,26,,4,SCIE*2401,,Ryan Miller,
887,2020/SP,STA-209-04,STA,209,4,200,Applied Statistics,27,26,,4,SCIE*2402,,,
888,2020/SP,STA-230-01,STA,230,1,200,Introduction to Data Science,19,18,,4,SCIE*2401,,,
889,2020/SP,STA-230-02,STA,230,2,200,Introduction to Data Science,19,18,,4,SCIE*2401,,,
890,2020/SP,STA-309-01,STA,309,1,300,Design/Analysis of Experiments,20,20,,4,SCIE*2402,,,
892,2020/SP,STA-395-01,STA,395,1,300,ST: Applied Data Science,12,12,,4,SCIE*2402,,Ryan Miller,
911,2021/FA,MAT-115-01,MAT,115,1,100,Introduction to Statistics,16,28,,4,SCIE*2402,,,
912,2021/FA,MAT-115-02,MAT,115,2,100,Introduction to Statistics,23,28,,4,HSSC*N2170,,,
913,2021/FA,MAT-335-01,MAT,335,1,300,Probability & Statistics I,21,25,,4,SCIE*2401,,,
914,2021/FA,MAT-335-02,MAT,335,2,300,Probability & Statistics I,17,25,,4,SCIE*2401,,,
917,2021/FA,STA-209-01,STA,209,1,200,Applied Statistics,25,26,,4,SCIE*2402,,Chris Olsen,
918,2021/FA,STA-209-02,STA,209,2,200,Applied Statistics,27,26,,4,SCIE*2401,,Sean McMannamy,
919,2021/FA,STA-209-03,STA,209,3,200,Applied Statistics,28,26,,4,SCIE*2402,,Anna Olsen,
920,2021/FA,STA-209-04,STA,209,4,200,Applied Statistics,25,26,,4,SCIE*2402,,,
921,2021/FA,STA-230-01,STA,230,1,200,Introduction to Data Science,16,18,,4,SCIE*2402,,Sean McMannamy,
922,2021/FA,STA-230-02,STA,230,2,200,Introduction to Data Science,15,18,,4,SCIE*2402,,,
923,2021/FA,STA-310-01,STA,310,1,300,Statistical Modeling,18,20,,4,SCIE*2401,,Shonda Kuiper,
924,2021/FA,STA-310-02,STA,310,2,300,Statistical Modeling,17,20,,4,SCIE*2401,,Shonda Kuiper,
927,2021/FA,STA-395-01,STA,395,1,300,ST: Bayesian Statistics,9,20,,4,SCIE*2402,,Jeff Jonkman,
936,2021/S1,MAT-115-01,MAT,115,1,100,Introduction to Statistics,28,28,,4,,,,
937,2021/S1,MAT-336-01,MAT,336,1,300,Probability & Statistics II,31,32,,4,,,,
939,2021/S1,STA-209-01,STA,209,1,200,Applied Statistics,36,36,,4,,,,
940,2021/S1,STA-230-01,STA,230,1,200,Introduction to Data Science,15,18,,4,,,,
949,2021/S2,MAT-115-02,MAT,115,2,100,Introduction to Statistics,24,28,,4,,,,
951,2021/S2,STA-209-02,STA,209,2,200,Applied Statistics,36,36,,4,,,,
952,2021/S2,STA-209-03,STA,209,3,200,Applied Statistics,35,36,,4,,,,
953,2021/S2,STA-209-04,STA,209,4,200,Applied Statistics,26,26,,4,,,,
954,2021/S2,STA-230-01,STA,230,1,200,Introduction to Data Science,0,18,,4,,,,
955,2021/S2,STA-309-01,STA,309,1,300,Design/Analysis of Experiments,20,20,,4,,,,
956,2021/S2,STA-310-01,STA,310,1,300,Statistical Modeling,16,20,,4,,,,
957,2021/SP,MAT-115-01,MAT,115,1,100,Introduction to Statistics,0,28,,4,SCIE*2401,,,
958,2021/SP,MAT-115-02,MAT,115,2,100,Introduction to Statistics,0,28,,4,,,,
959,2021/SP,MAT-336-01,MAT,336,1,300,Probability & Statistics II,0,25,,4,SCIE*2401,,,
962,2021/SP,STA-209-01,STA,209,1,200,Applied Statistics,0,26,,4,SCIE*2402,,Sean McMannamy,
963,2021/SP,STA-209-02,STA,209,2,200,Applied Statistics,0,26,,4,SCIE*2402,,Pamela Fellers,
964,2021/SP,STA-209-03,STA,209,3,200,Applied Statistics,0,26,,4,SCIE*2402,,Chris Olsen,
965,2021/SP,STA-209-04,STA,209,4,200,Applied Statistics,0,26,,4,SCIE*2401,,Sean McMannamy,
966,2021/SP,STA-209-05,STA,209,5,200,Applied Statistics,0,26,,4,SCIE*2402,,,
967,2021/SP,STA-230-01,STA,230,1,200,Introduction to Data Science,0,18,,4,SCIE*2401,,Shonda Kuiper,
968,2021/SP,STA-230-02,STA,230,2,200,Introduction to Data Science,0,18,,4,SCIE*2401,,,
969,2021/SP,STA-309-01,STA,309,1,300,Design/Analysis of Experiments,0,20,,4,SCIE*2402,,Jeff Jonkman,
970,2021/SP,STA-310-01,STA,310,1,300,Statistical Modeling,0,20,,4,SCIE*2401,,Shonda Kuiper,
1006,2022/FA,MAT-115-01,MAT,115,1,100,Introduction to Statistics,22,28,,4,SCIE*2401,,,
1007,2022/FA,MAT-335-01,MAT,335,1,300,Probability & Statistics I,24,25,,4,HSSC*N3170,,,
1008,2022/FA,MAT-335-02,MAT,335,2,300,Probability & Statistics I,23,25,,4,HSSC*N3170,,,
1010,2022/FA,STA-209-01,STA,209,1,200,Applied Statistics,27,26,,4,SCIE*2402,,,
1011,2022/FA,STA-209-02,STA,209,2,200,Applied Statistics,25,26,,4,SCIE*2402,,Anna Olsen,
1012,2022/FA,STA-209-03,STA,209,3,200,Applied Statistics,27,26,,4,SCIE*2402,,,
1013,2022/FA,STA-209-04,STA,209,4,200,Applied Statistics,21,26,,4,SCIE*2402,,,
1014,2022/FA,STA-230-01,STA,230,1,200,Introduction to Data Science,17,18,,4,SCIE*2401,,Ryan Miller,
1015,2022/FA,STA-230-02,STA,230,2,200,Introduction to Data Science,20,18,,4,SCIE*2401,,,
1016,2022/FA,STA-310-01,STA,310,1,300,Statistical Modeling,19,20,,4,SCIE*2401,,Shonda Kuiper,
1017,2022/FA,STA-310-02,STA,310,2,300,Statistical Modeling,17,20,,4,SCIE*2401,,,
1039,2022/SP,MAT-115-01,MAT,115,1,100,Introduction to Statistics,29,28,,4,SCIE*2401,,,
1040,2022/SP,MAT-115-02,MAT,115,2,100,Introduction to Statistics,22,28,,4,SCIE*2401,,,
1041,2022/SP,MAT-335-01,MAT,335,1,300,Probability & Statistics I,0,25,,4,SCIE*2401,,,
1042,2022/SP,MAT-335-02,MAT,335,2,300,Probability & Statistics I,0,25,,4,SCIE*2401,,,
1043,2022/SP,MAT-336-01,MAT,336,1,300,Probability & Statistics II,0,25,,4,SCIE*2401,,,
1046,2022/SP,STA-209-01,STA,209,1,200,Applied Statistics,28,26,,4,SCIE*2402,,Chris Olsen,
1047,2022/SP,STA-209-02,STA,209,2,200,Applied Statistics,26,26,,4,SCIE*2402,,Anna Olsen,
1048,2022/SP,STA-209-03,STA,209,3,200,Applied Statistics,28,26,,4,SCIE*2402,,,
1049,2022/SP,STA-209-04,STA,209,4,200,Applied Statistics,0,26,,4,,,,
1050,2022/SP,STA-209-05,STA,209,5,200,Applied Statistics,27,26,,4,SCIE*2402,,,
1051,2022/SP,STA-230-01,STA,230,1,200,Introduction to Data Science,17,18,,4,SCIE*2401,,,
1052,2022/SP,STA-230-02,STA,230,2,200,Introduction to Data Science,20,18,,4,SCIE*2401,,Sean McMannamy,
1052,2022/SP,STA-230-02,STA,230,2,200,Introduction to Data Science,20,18,,4,SCIE*2401,,Shonda Kuiper,
1053,2022/SP,STA-309-01,STA,309,1,300,Design/Analysis of Experiments,19,20,,4,SCIE*2402,,Jeff Jonkman,
1054,2022/SP,STA-310-01,STA,310,1,300,Statistical Modeling,18,20,,4,SCIE*2401,,,
1056,2022/SP,STA-395-01,STA,395,1,300,ST: Applied Data Science,13,12,,4,SCIE*2402,,Sean McMannamy,
1071,2023/FA,MAT-115-01,MAT,115,1,100,Introduction to Statistics,28,28,,4,HSSC*N2170,,,
1072,2023/FA,MAT-115-02,MAT,115,2,100,Introduction to Statistics,24,28,,4,HSSC*N2170,,,
1073,2023/FA,MAT-335-01,MAT,335,1,300,Probability & Statistics I,0,25,,4,HSSC*N3170,,,
1074,2023/FA,MAT-335-02,MAT,335,2,300,Probability & Statistics I,0,25,,4,HSSC*N3170,,,
1077,2023/FA,STA-209-01,STA,209,1,200,Applied Statistics,26,26,,4,SCIE*2402,,Anna Olsen,
1078,2023/FA,STA-209-02,STA,209,2,200,Applied Statistics,25,26,,4,SCIE*2402,,,
1079,2023/FA,STA-209-03,STA,209,3,200,Applied Statistics,27,26,,4,SCIE*2402,,,
1080,2023/FA,STA-230-01,STA,230,1,200,Introduction to Data Science,18,18,,4,SCIE*2401,,Collin Nolte,
1081,2023/FA,STA-230-02,STA,230,2,200,Introduction to Data Science,13,18,,4,SCIE*2401,,Collin Nolte,
1082,2023/FA,STA-230-03,STA,230,3,200,Introduction to Data Science,18,18,,4,HSSC*N3170,,Ryan Miller,
1083,2023/FA,STA-310-01,STA,310,1,300,Statistical Modeling,17,20,,4,SCIE*2401,,Shonda Kuiper,
1084,2023/FA,STA-310-02,STA,310,2,300,Statistical Modeling,19,20,,4,SCIE*2401,,,
1087,2023/FA,STA-340-01,STA,340,1,300,Bayesian Statistics,11,12,,4,SCIE*2402,,Jeff Jonkman,
1109,2023/SP,MAT-115-01,MAT,115,1,100,Introduction to Statistics,28,28,,4,SCIE*2402,,,
1110,2023/SP,MAT-336-01,MAT,336,1,300,Probability & Statistics II,0,25,,4,SCIE*2401,,,
1112,2023/SP,STA-209-02,STA,209,2,200,Applied Statistics,26,27,,4,SCIE*2402,,,
1113,2023/SP,STA-209-03,STA,209,3,200,Applied Statistics,27,27,,4,SCIE*2402,,,
1115,2023/SP,STA-209-04,STA,209,4,200,Applied Statistics,26,26,,4,SCIE*2401,,Jonathan Wells,
1116,2023/SP,STA-230-01,STA,230,1,200,Introduction to Data Science,18,18,,4,SCIE*2401,,Ryan Miller,
1117,2023/SP,STA-230-02,STA,230,2,200,Introduction to Data Science,20,20,,4,SCIE*2402,,Anna Olsen,
1118,2023/SP,STA-309-01,STA,309,1,300,Design/Analysis of Experiments,19,20,,4,SCIE*2401,,Shonda Kuiper,
1119,2023/SP,STA-310-01,STA,310,1,300,Statistical Modeling,20,20,,4,SCIE*2401,,Shonda Kuiper,
1120,2023/SP,STA-330-01,STA,330,1,300,Applied Data Science,10,12,,4,SCIE*2401,,Ryan Miller,
1122,2023/SP,STA-395-01,STA,395,1,300,ST: Intro to ML,24,24,,4,HSSC*N3170,,Ryan Miller,
1141,2024/FA,MAT-335-01,MAT,335,1,300,Probability & Statistics I,0,25,,4,HSSC*N3170,,,
1142,2024/FA,MAT-335-02,MAT,335,2,300,Probability & Statistics I,0,25,,4,HSSC*N2170,,,
1143,2024/FA,SST-115-01,SST,115,1,100,Introduction to Statistics,24,28,,4,HSSC*N2170,,,
1144,2024/FA,SST-115-02,SST,115,2,100,Introduction to Statistics,0,28,,4,,,,
1145,2024/FA,STA-209-01,STA,209,1,200,Applied Statistics,26,26,,4,SCIE*2402,,Collin Nolte,
1146,2024/FA,STA-209-02,STA,209,2,200,Applied Statistics,26,26,,4,SCIE*2402,,,
1147,2024/FA,STA-209-03,STA,209,3,200,Applied Statistics,26,26,,4,HSSC*N2170,,,
1148,2024/FA,STA-230-01,STA,230,1,200,Introduction to Data Science,18,18,,4,SCIE*2401,,William Rebelsky,
1149,2024/FA,STA-230-02,STA,230,2,200,Introduction to Data Science,16,18,,4,SCIE*2401,,,
1150,2024/FA,STA-310-01,STA,310,1,300,Statistical Modeling,17,20,,4,SCIE*2402,,,
1151,2024/FA,STA-310-02,STA,310,2,300,Statistical Modeling,18,20,,4,SCIE*2402,,,
1166,2024/SP,MAT-115-01,MAT,115,1,100,Introduction to Statistics,28,28,,4,HSSC*N2170,,,
1167,2024/SP,MAT-336-01,MAT,336,1,300,Probability & Statistics II,0,25,,4,SCIE*2402,,,
1169,2024/SP,STA-209-01,STA,209,1,200,Applied Statistics,25,26,,4,SCIE*2402,,Shonda Kuiper,
1170,2024/SP,STA-209-02,STA,209,2,200,Applied Statistics,26,26,,4,SCIE*2402,,,
1171,2024/SP,STA-209-03,STA,209,3,200,Applied Statistics,25,26,,4,SCIE*2402,,Collin Nolte,
1172,2024/SP,STA-209-04,STA,209,4,200,Applied Statistics,26,26,,4,HSSC*N2170,,Ryan Miller,
1173,2024/SP,STA-209-05,STA,209,5,200,Applied Statistics,26,26,,4,SCIE*2401,,Collin Nolte,
1174,2024/SP,STA-230-01,STA,230,1,200,Introduction to Data Science,8,18,,4,SCIE*2401,,Anna Olsen,
1175,2024/SP,STA-230-02,STA,230,2,200,Introduction to Data Science,13,18,,4,SCIE*2401,,,
1176,2024/SP,STA-295-01,STA,295,1,200,ST: Intro Stat Learning,18,20,,4,HSSC*N3170,,Jonathan Wells,
1177,2024/SP,STA-309-01,STA,309,1,300,Design/Analysis of Experiments,16,20,,4,SCIE*2402,,Jeff Jonkman,
1178,2024/SP,STA-310-01,STA,310,1,300,Statistical Modeling,19,20,,4,SCIE*2401,,Jonathan Wells,
1179,2024/SP,STA-310-02,STA,310,2,300,Statistical Modeling,21,20,,4,SCIE*2401,,Jonathan Wells,
1181,2024/SP,STA-395-01,STA,395,1,300,ST: Intro to ML,26,24,,4,SCIE*2402,,Ryan Miller,
1182,2025/FA,MAT-335-01,MAT,335,1,300,Probability & Statistics I,0,25,,4,,,,
1183,2025/FA,MAT-335-02,MAT,335,2,300,Probability & Statistics I,0,25,,4,HSSC*N2170,,,
1184,2025/FA,SST-115-01,SST,115,1,100,Introduction to Statistics,0,28,,4,HSSC*N2170,,,
1185,2025/FA,STA-209-01,STA,209,1,200,Applied Statistics,0,26,,4,SCIE*2402,,,
1186,2025/FA,STA-209-02,STA,209,2,200,Applied Statistics,0,26,,4,SCIE*2402,,,
1187,2025/FA,STA-209-03,STA,209,3,200,Applied Statistics,0,26,,4,SCIE*2402,,,
1188,2025/FA,STA-209-04,STA,209,4,200,Applied Statistics,0,26,,4,SCIE*2402,,,
1189,2025/FA,STA-230-01,STA,230,1,200,Introduction to Data Science,0,25,,4,SCIE*2401,,,
1190,2025/FA,STA-230-02,STA,230,2,200,Introduction to Data Science,0,25,,4,SCIE*2401,,,
1191,2025/FA,STA-310-01,STA,310,1,300,Statistical Modeling,0,20,,4,SCIE*2402,,,
1192,2025/FA,STA-310-02,STA,310,2,300,Statistical Modeling,0,20,,4,SCIE*2402,,,
1195,2025/FA,STA-395-01,STA,395,1,300,ST: Intro to Machine Learning,0,20,,4,SCIE*2401,,,
1212,2025/SP,MAT-336-01,MAT,336,1,300,Probability & Statistics II,0,25,,4,HSSC*N2170,,,
1213,2025/SP,SST-115-01,SST,115,1,100,Introduction to Statistics,28,28,,4,SCIE*2402,,,
1214,2025/SP,STA-209-01,STA,209,1,200,Applied Statistics,27,26,,4,SCIE*2401,,Ryan Miller,
1215,2025/SP,STA-209-02,STA,209,2,200,Applied Statistics,26,26,,4,SCIE*2402,,Collin Nolte,
1216,2025/SP,STA-209-03,STA,209,3,200,Applied Statistics,26,26,,4,SCIE*2401,,,
1217,2025/SP,STA-209-04,STA,209,4,200,Applied Statistics,26,26,,4,SCIE*2402,,,
1218,2025/SP,STA-209-05,STA,209,5,200,Applied Statistics,26,26,,4,HSSC*N2170,,,
1219,2025/SP,STA-209-06,STA,209,6,200,Applied Statistics,26,26,,4,SCIE*2402,,,
1220,2025/SP,STA-230-01,STA,230,1,200,Introduction to Data Science,18,18,,4,SCIE*2401,,William Rebelsky,
1221,2025/SP,STA-230-02,STA,230,2,200,Introduction to Data Science,19,18,,4,SCIE*2401,,,
1222,2025/SP,STA-295-01,STA,295,1,200,ST: Intro Stat Learning,16,20,,4,SCIE*2401,,William Rebelsky,
1223,2025/SP,STA-309-01,STA,309,1,300,Design/Analysis of Experiments,20,20,,4,SCIE*2402,,Jeff Jonkman,
1224,2025/SP,STA-310-01,STA,310,1,300,Statistical Modeling,20,20,,4,HSSC*N3170,,Jonathan Wells,
1225,2025/SP,STA-310-02,STA,310,2,300,Statistical Modeling,15,20,,4,SCIE*2401,,Jeff Jonkman,
1226,2025/SP,STA-330-01,STA,330,1,300,Applied Data Science,12,12,,4,HSSC*N2170,,Ryan Miller,
1228,2025/SP,STA-395-01,STA,395,1,300,ST: Categorical Data Analysis,12,12,,4,SCIE*2402,,Collin Nolte,
